<?xml version="1.0" encoding="utf-8"?>
<DocumentWindowInfoForTab xmlns:xsi="http://www.w3.org/2001/XMLSchema-instance" xmlns:xsd="http://www.w3.org/2001/XMLSchema">
  <All>
    <DocumentWindowInfoForTabElement>
      <Name>Jetson1</Name>
      <SaveKey>[Ladder]Jetson1</SaveKey>
      <DockingBarState>
        <Key>Document@Ladder-1019474984</Key>
        <Usable>true</Usable>
        <IsFloating>false</IsFloating>
        <DockingInfo>
          <IsCenter>true</IsCenter>
          <DockingSide>Left</DockingSide>
          <IsAutoHide>false</IsAutoHide>
          <Size>
            <Width>1272</Width>
            <Height>1025</Height>
          </Size>
          <LeftIndex>-1</LeftIndex>
          <TopIndex>-1</TopIndex>
          <RightIndex>-1</RightIndex>
          <BottomIndex>-1</BottomIndex>
          <MergeInfo>
            <TabIndex>5</TabIndex>
            <IsTabSelected>false</IsTabSelected>
            <TilePosition />
          </MergeInfo>
        </DockingInfo>
        <FloatingInfo>
          <DockingKey>0</DockingKey>
          <Location>
            <X>0</X>
            <Y>0</Y>
          </Location>
          <Size>
            <Width>624</Width>
            <Height>326</Height>
          </Size>
          <MergeInfo>
            <TabIndex>-1</TabIndex>
            <IsTabSelected>false</IsTabSelected>
            <TilePosition />
          </MergeInfo>
        </FloatingInfo>
      </DockingBarState>
    </DocumentWindowInfoForTabElement>
    <DocumentWindowInfoForTabElement>
      <Name>Main</Name>
      <SaveKey>[Ladder]Main</SaveKey>
      <DockingBarState>
        <Key>Document@Ladder-703224768</Key>
        <Usable>true</Usable>
        <IsFloating>false</IsFloating>
        <DockingInfo>
          <IsCenter>true</IsCenter>
          <DockingSide>Left</DockingSide>
          <IsAutoHide>false</IsAutoHide>
          <Size>
            <Width>1272</Width>
            <Height>1025</Height>
          </Size>
          <LeftIndex>-1</LeftIndex>
          <TopIndex>-1</TopIndex>
          <RightIndex>-1</RightIndex>
          <BottomIndex>-1</BottomIndex>
          <MergeInfo>
            <TabIndex>7</TabIndex>
            <IsTabSelected>false</IsTabSelected>
            <TilePosition />
          </MergeInfo>
        </DockingInfo>
        <FloatingInfo>
          <DockingKey>0</DockingKey>
          <Location>
            <X>0</X>
            <Y>0</Y>
          </Location>
          <Size>
            <Width>624</Width>
            <Height>326</Height>
          </Size>
          <MergeInfo>
            <TabIndex>-1</TabIndex>
            <IsTabSelected>false</IsTabSelected>
            <TilePosition />
          </MergeInfo>
        </FloatingInfo>
      </DockingBarState>
    </DocumentWindowInfoForTabElement>
    <DocumentWindowInfoForTabElement>
      <Name>Homing</Name>
      <SaveKey>[Ladder]Homing</SaveKey>
      <DockingBarState>
        <Key>Document@Ladder-891537280</Key>
        <Usable>true</Usable>
        <IsFloating>false</IsFloating>
        <DockingInfo>
          <IsCenter>true</IsCenter>
          <DockingSide>Left</DockingSide>
          <IsAutoHide>false</IsAutoHide>
          <Size>
            <Width>1272</Width>
            <Height>1025</Height>
          </Size>
          <LeftIndex>-1</LeftIndex>
          <TopIndex>-1</TopIndex>
          <RightIndex>-1</RightIndex>
          <BottomIndex>-1</BottomIndex>
          <MergeInfo>
            <TabIndex>6</TabIndex>
            <IsTabSelected>false</IsTabSelected>
            <TilePosition />
          </MergeInfo>
        </DockingInfo>
        <FloatingInfo>
          <DockingKey>0</DockingKey>
          <Location>
            <X>0</X>
            <Y>0</Y>
          </Location>
          <Size>
            <Width>624</Width>
            <Height>326</Height>
          </Size>
          <MergeInfo>
            <TabIndex>-1</TabIndex>
            <IsTabSelected>false</IsTabSelected>
            <TilePosition />
          </MergeInfo>
        </FloatingInfo>
      </DockingBarState>
    </DocumentWindowInfoForTabElement>
    <DocumentWindowInfoForTabElement>
      <Name>LeafRemove</Name>
      <SaveKey>[Ladder]LeafRemove</SaveKey>
      <DockingBarState>
        <Key>Document@Ladder-1092459280</Key>
        <Usable>true</Usable>
        <IsFloating>false</IsFloating>
        <DockingInfo>
          <IsCenter>true</IsCenter>
          <DockingSide>Left</DockingSide>
          <IsAutoHide>false</IsAutoHide>
          <Size>
            <Width>1272</Width>
            <Height>1025</Height>
          </Size>
          <LeftIndex>-1</LeftIndex>
          <TopIndex>-1</TopIndex>
          <RightIndex>-1</RightIndex>
          <BottomIndex>-1</BottomIndex>
          <MergeInfo>
            <TabIndex>9</TabIndex>
            <IsTabSelected>false</IsTabSelected>
            <TilePosition />
          </MergeInfo>
        </DockingInfo>
        <FloatingInfo>
          <DockingKey>0</DockingKey>
          <Location>
            <X>0</X>
            <Y>0</Y>
          </Location>
          <Size>
            <Width>624</Width>
            <Height>326</Height>
          </Size>
          <MergeInfo>
            <TabIndex>-1</TabIndex>
            <IsTabSelected>false</IsTabSelected>
            <TilePosition />
          </MergeInfo>
        </FloatingInfo>
      </DockingBarState>
    </DocumentWindowInfoForTabElement>
    <DocumentWindowInfoForTabElement>
      <Name>AutoTrack</Name>
      <SaveKey>[Ladder]AutoTrack</SaveKey>
      <DockingBarState>
        <Key>Document@Ladder-1305918424</Key>
        <Usable>true</Usable>
        <IsFloating>false</IsFloating>
        <DockingInfo>
          <IsCenter>true</IsCenter>
          <DockingSide>Left</DockingSide>
          <IsAutoHide>false</IsAutoHide>
          <Size>
            <Width>1272</Width>
            <Height>1025</Height>
          </Size>
          <LeftIndex>-1</LeftIndex>
          <TopIndex>-1</TopIndex>
          <RightIndex>-1</RightIndex>
          <BottomIndex>-1</BottomIndex>
          <MergeInfo>
            <TabIndex>4</TabIndex>
            <IsTabSelected>false</IsTabSelected>
            <TilePosition />
          </MergeInfo>
        </DockingInfo>
        <FloatingInfo>
          <DockingKey>0</DockingKey>
          <Location>
            <X>0</X>
            <Y>0</Y>
          </Location>
          <Size>
            <Width>624</Width>
            <Height>326</Height>
          </Size>
          <MergeInfo>
            <TabIndex>-1</TabIndex>
            <IsTabSelected>false</IsTabSelected>
            <TilePosition />
          </MergeInfo>
        </FloatingInfo>
      </DockingBarState>
    </DocumentWindowInfoForTabElement>
    <DocumentWindowInfoForTabElement>
      <Name>TouchPanel</Name>
      <SaveKey>[Ladder]TouchPanel</SaveKey>
      <DockingBarState>
        <Key>Document@Ladder-1005522600</Key>
        <Usable>true</Usable>
        <IsFloating>false</IsFloating>
        <DockingInfo>
          <IsCenter>true</IsCenter>
          <DockingSide>Left</DockingSide>
          <IsAutoHide>false</IsAutoHide>
          <Size>
            <Width>1272</Width>
            <Height>1025</Height>
          </Size>
          <LeftIndex>-1</LeftIndex>
          <TopIndex>-1</TopIndex>
          <RightIndex>-1</RightIndex>
          <BottomIndex>-1</BottomIndex>
          <MergeInfo>
            <TabIndex>3</TabIndex>
            <IsTabSelected>false</IsTabSelected>
            <TilePosition />
          </MergeInfo>
        </DockingInfo>
        <FloatingInfo>
          <DockingKey>0</DockingKey>
          <Location>
            <X>0</X>
            <Y>0</Y>
          </Location>
          <Size>
            <Width>624</Width>
            <Height>326</Height>
          </Size>
          <MergeInfo>
            <TabIndex>-1</TabIndex>
            <IsTabSelected>false</IsTabSelected>
            <TilePosition />
          </MergeInfo>
        </FloatingInfo>
      </DockingBarState>
    </DocumentWindowInfoForTabElement>
    <DocumentWindowInfoForTabElement>
      <Name>JetsonComm</Name>
      <SaveKey>[Ladder]JetsonComm</SaveKey>
      <DockingBarState>
        <Key>Document@Ladder-1305911632</Key>
        <Usable>true</Usable>
        <IsFloating>false</IsFloating>
        <DockingInfo>
          <IsCenter>true</IsCenter>
          <DockingSide>Left</DockingSide>
          <IsAutoHide>false</IsAutoHide>
          <Size>
            <Width>1272</Width>
            <Height>1025</Height>
          </Size>
          <LeftIndex>-1</LeftIndex>
          <TopIndex>-1</TopIndex>
          <RightIndex>-1</RightIndex>
          <BottomIndex>-1</BottomIndex>
          <MergeInfo>
            <TabIndex>2</TabIndex>
            <IsTabSelected>false</IsTabSelected>
            <TilePosition />
          </MergeInfo>
        </DockingInfo>
        <FloatingInfo>
          <DockingKey>0</DockingKey>
          <Location>
            <X>0</X>
            <Y>0</Y>
          </Location>
          <Size>
            <Width>624</Width>
            <Height>326</Height>
          </Size>
          <MergeInfo>
            <TabIndex>-1</TabIndex>
            <IsTabSelected>false</IsTabSelected>
            <TilePosition />
          </MergeInfo>
        </FloatingInfo>
      </DockingBarState>
    </DocumentWindowInfoForTabElement>
    <DocumentWindowInfoForTabElement>
      <Name>Conveyor</Name>
      <SaveKey>[Ladder]Conveyor</SaveKey>
      <DockingBarState>
        <Key>Document@Ladder-1002327800</Key>
        <Usable>true</Usable>
        <IsFloating>false</IsFloating>
        <DockingInfo>
          <IsCenter>true</IsCenter>
          <DockingSide>Left</DockingSide>
          <IsAutoHide>false</IsAutoHide>
          <Size>
            <Width>1272</Width>
            <Height>1025</Height>
          </Size>
          <LeftIndex>-1</LeftIndex>
          <TopIndex>-1</TopIndex>
          <RightIndex>-1</RightIndex>
          <BottomIndex>-1</BottomIndex>
          <MergeInfo>
            <TabIndex>1</TabIndex>
            <IsTabSelected>false</IsTabSelected>
            <TilePosition />
          </MergeInfo>
        </DockingInfo>
        <FloatingInfo>
          <DockingKey>0</DockingKey>
          <Location>
            <X>0</X>
            <Y>0</Y>
          </Location>
          <Size>
            <Width>624</Width>
            <Height>326</Height>
          </Size>
          <MergeInfo>
            <TabIndex>-1</TabIndex>
            <IsTabSelected>false</IsTabSelected>
            <TilePosition />
          </MergeInfo>
        </FloatingInfo>
      </DockingBarState>
    </DocumentWindowInfoForTabElement>
    <DocumentWindowInfoForTabElement>
      <Name>Auto</Name>
      <SaveKey>[Ladder]Auto</SaveKey>
      <DockingBarState>
        <Key>Document@Ladder-714725824</Key>
        <Usable>true</Usable>
        <IsFloating>false</IsFloating>
        <DockingInfo>
          <IsCenter>true</IsCenter>
          <DockingSide>Left</DockingSide>
          <IsAutoHide>false</IsAutoHide>
          <Size>
            <Width>1272</Width>
            <Height>1025</Height>
          </Size>
          <LeftIndex>-1</LeftIndex>
          <TopIndex>-1</TopIndex>
          <RightIndex>-1</RightIndex>
          <BottomIndex>-1</BottomIndex>
          <MergeInfo>
            <TabIndex>8</TabIndex>
            <IsTabSelected>false</IsTabSelected>
            <TilePosition />
          </MergeInfo>
        </DockingInfo>
        <FloatingInfo>
          <DockingKey>0</DockingKey>
          <Location>
            <X>0</X>
            <Y>0</Y>
          </Location>
          <Size>
            <Width>624</Width>
            <Height>326</Height>
          </Size>
          <MergeInfo>
            <TabIndex>-1</TabIndex>
            <IsTabSelected>false</IsTabSelected>
            <TilePosition />
          </MergeInfo>
        </FloatingInfo>
      </DockingBarState>
    </DocumentWindowInfoForTabElement>
    <DocumentWindowInfoForTabElement>
      <Name>Output</Name>
      <SaveKey>[Ladder]Output</SaveKey>
      <DockingBarState>
        <Key>Document@Ladder-1008401336</Key>
        <Usable>true</Usable>
        <IsFloating>false</IsFloating>
        <DockingInfo>
          <IsCenter>true</IsCenter>
          <DockingSide>Left</DockingSide>
          <IsAutoHide>false</IsAutoHide>
          <Size>
            <Width>1272</Width>
            <Height>1025</Height>
          </Size>
          <LeftIndex>-1</LeftIndex>
          <TopIndex>-1</TopIndex>
          <RightIndex>-1</RightIndex>
          <BottomIndex>-1</BottomIndex>
          <MergeInfo>
            <TabIndex>0</TabIndex>
            <IsTabSelected>true</IsTabSelected>
            <TilePosition />
          </MergeInfo>
        </DockingInfo>
        <FloatingInfo>
          <DockingKey>0</DockingKey>
          <Location>
            <X>0</X>
            <Y>0</Y>
          </Location>
          <Size>
            <Width>624</Width>
            <Height>326</Height>
          </Size>
          <MergeInfo>
            <TabIndex>-1</TabIndex>
            <IsTabSelected>false</IsTabSelected>
            <TilePosition />
          </MergeInfo>
        </FloatingInfo>
      </DockingBarState>
    </DocumentWindowInfoForTabElement>
  </All>
</DocumentWindowInfoForTab>