<?xml version="1.0" encoding="UTF-8"?>
<Root>
	<Version>1</Version>
	<InternalMonitorLauncherViewState>
		<Version>1</Version>
		<IsShown>0</IsShown>
		<PlcCode>60</PlcCode>
		<WindowState>
			<Top>294</Top>
			<Left>828</Left>
			<Width>265</Width>
			<Height>444</Height>
		</WindowState>
		<Node>
			<Group>AW</Group>
			<Expanded>1</Expanded>
		</Node>
		<Node>
			<Group>MEMCARD</Group>
			<Expanded>1</Expanded>
		</Node>
		<Node>
			<Group>LOGGING</Group>
			<Expanded>1</Expanded>
		</Node>
		<Node>
			<Group>OPERATIONRECORDER</Group>
			<Expanded>1</Expanded>
		</Node>
	</InternalMonitorLauncherViewState>
</Root>
